"poi_type","poi_category_1"
"*","Other"
"3d_printing","Professional and Business Services"
"93 S 7.2","Other"
"AAA Southern New England","Financial Services"
"Addiction Treatment","Healthcare and Medical"
"Appliance Shops","Shopping and Retail"
"Armory","Other"
"Artificial Grass","Other"
"Attorneys","Professional and Business Services"
"Auto Insurance","Financial Services"
"B2B","Other"
"Banquet_Hall","Events and Venues"
"Best Preschool","Education and Learning"
"Best Tattoo Vegas","Personal Care and Beauty"
"Body Sculpting","Professional and Business Services"
"Botanical Garden","Entertainment and Recreation"
"Botox","Personal Care and Beauty"
"Casino_Player_Training","Entertainment and Recreation"
"Centre Chr?tien","Other"
"Chiropractor","Healthcare and Medical"
"City_Tours/Rental","Tourism and Attractions"
"Commercial Printer","Professional and Business Services"
"Concrete Paving","Professional and Business Services"
"Counsellors","Healthcare and Medical"
"Countertops","Other"
"Couples Counseling","Healthcare and Medical"
"Coupons","Other"
"Custom T Shirts","Shopping and Retail"
"Custom_Framing","Professional and Business Services"
"Custom_signs_&_neon","Professional and Business Services"
"DJ","Professional and Business Services"
"DJ Services","Professional and Business Services"
"Drug & Alcohol Rehabs New Jersey","Healthcare and Medical"
"E-waste Disposal","Waste and Recycling"
"Equipment Rental Agency","Professional and Business Services"
"Fix And Flip Loan","Financial Services"
"Function Hall","Events and Venues"
"Graphic_Design","Professional and Business Services"
"Grocery","Shopping and Retail"
"HVAC","Industrial and Manufacturing"
"HVAC_supply","Industrial and Manufacturing"
"Hydroponics Equipment Supplier","Industrial and Manufacturing"
"Indian music and dvd","Shopping and Retail"
"Industrial Sewing Machine Repair Shop","Professional and Business Services"
"Interpreter","Professional and Business Services"
"LAB","Professional and Business Services"
"Life Labs","Professional and Business Services"
"Loan,_tax_service","Financial Services"
"Meeting point","Other"
"Mortage Broker","Financial Services"
"Nail Salon","Personal Care and Beauty"
"Neurosurgeon","Healthcare and Medical"
"Off the Leash Dog Training","Professional and Business Services"
"Optom","Healthcare and Medical"
"Packaging_supply","Industrial and Manufacturing"
"Paint Supplies","Industrial and Manufacturing"
"Permanent Makeup Training","Education and Learning"
"Pet grooming shop","Professional and Business Services"
"Plating Service","Industrial and Manufacturing"
"Plumbing","Professional and Business Services"
"Plumbing Serivce","Professional and Business Services"
"Popcorn_Store","Shopping and Retail"
"Portable Toilet Supplier","Shopping and Retail"
"Recycle glass vases","Waste and Recycling"
"Roofing contractor","Professional and Business Services"
"Salon","Personal Care and Beauty"
"Screen Printer","Professional and Business Services"
"Sewage Deodorization","Professional and Business Services"
"Smoking_Shop","Shopping and Retail"
"Spa","Personal Care and Beauty"
"Storage Buildings","Professional and Business Services"
"T-Card Office","Education and Learning"
"Tour","Tourism and Attractions"
"Water Damage","Other"
"Whale_watching_excursion","Tourism and Attractions"
"abandoned","Other"
"accessories","Other"
"accountants","Professional and Business Services"
"acting_school","Education and Learning"
"acupuncture","Healthcare and Medical"
"adult_gaming_centre","Entertainment and Recreation"
"advertising","Professional and Business Services"
"african_goods","Shopping and Retail"
"agrarian","Professional and Business Services"
"air_filtration","Professional and Business Services"
"air_pump","Other"
"airline","Transportation and Transit"
"alarm_system","Professional and Business Services"
"alcohol","Shopping and Retail"
"alpine_hut","Entertainment and Recreation"
"alteration","Professional and Business Services"
"alterations","Healthcare and Medical"
"alternative_medicine","Healthcare and Medical"
"amphitheatre","Entertainment and Recreation"
"amusement_arcade","Entertainment and Recreation"
"amusements","Entertainment and Recreation"
"animal","Other"
"animal_boarding","Professional and Business Services"
"animal_breeding","Professional and Business Services"
"animal_food","Shopping and Retail"
"animal_hitch","Professional and Business Services"
"animal_service","Professional and Business Services"
"animal_shelter","Professional and Business Services"
"animal_training","Professional and Business Services"
"animals","Other"
"anime","Other"
"anti_aging","Personal Care and Beauty"
"antiques","Shopping and Retail"
"apartment","Accommodation"
"apartments","Accommodation"
"apartments_leasing","Accommodation"
"apparel and gifts","Shopping and Retail"
"appliance","Shopping and Retail"
"appliance_repair","Professional and Business Services"
"appraiser","Professional and Business Services"
"aquarium","Entertainment and Recreation"
"aquarium1","Entertainment and Recreation"
"aquarium_supplies","Shopping and Retail"
"arcade","Entertainment and Recreation"
"arcade_games","Entertainment and Recreation"
"architect","Professional and Business Services"
"archive","Other"
"archives","Other"
"arena","Events and Venues"
"aromatherapy","Healthcare and Medical"
"art","Other"
"art_centre","Tourism and Attractions"
"art_class","Education and Learning"
"art_gallery","Tourism and Attractions"
"art_materials","Shopping and Retail"
"art_school","Education and Learning"
"art_studio","Education and Learning"
"art_suplies","Shopping and Retail"
"art_supplies","Shopping and Retail"
"art_supply","Shopping and Retail"
"artbuzz_sign","Other"
"artillerie","Other"
"artist","Professional and Business Services"
"arts_centre","Tourism and Attractions"
"artwork","Shopping and Retail"
"ashtray","Other"
"athletic","Entertainment and Recreation"
"atm","Financial Services"
"attorney","Professional and Business Services"
"attraction","Tourism and Attractions"
"atv","Other"
"auction","Professional and Business Services"
"auction_house","Professional and Business Services"
"audiologist","Healthcare and Medical"
"auditorium","Events and Venues"
"auto_accessories","Automative Services"
"awards","Other"
"axe","Other"
"axe throwing","Entertainment and Recreation"
"axe_throwing","Entertainment and Recreation"
"baby_goods","Shopping and Retail"
"backyard","Other"
"bag","Other"
"bag_wrap","Other"
"bait_shop","Shopping and Retail"
"bakery","Restaurants, Fast Food and Cafes"
"bakeshop","Restaurants, Fast Food and Cafes"
"baking_oven","Shopping and Retail"
"baking_supplies","Shopping and Retail"
"ballet","Education and Learning"
"ballot_box","Government and Public Services"
"ballot_drop_box","Government and Public Services"
"bandstand","Entertainment and Recreation"
"bank","Financial Services"
"bank_atm","Financial Services"
"banquet_hall","Events and Venues"
"bar","Restaurants, Fast Food and Cafes"
"bar_b_que","Restaurants, Fast Food and Cafes"
"bar_supplies","Restaurants, Fast Food and Cafes"
"barbecue","Restaurants, Fast Food and Cafes"
"barbecue_equipment","Shopping and Retail"
"barber","Personal Care and Beauty"
"barbershop","Personal Care and Beauty"
"baseball","Entertainment and Recreation"
"basket","Other"
"bath","Other"
"bathroom_furnishing","Professional and Business Services"
"batteries","Other"
"battery","Other"
"bbq","Restaurants, Fast Food and Cafes"
"beach","Entertainment and Recreation"
"beach_resort","Accommodation"
"bead","Shopping and Retail"
"beads","Shopping and Retail"
"beauty","Personal Care and Beauty"
"beauty_school","Personal Care and Beauty"
"beauty_supple","Personal Care and Beauty"
"beauty_supplies","Personal Care and Beauty"
"beauty_supply","Personal Care and Beauty"
"bed","Shopping and Retail"
"bedding","Shopping and Retail"
"bedroom","Accommodation"
"beef_jerky","Shopping and Retail"
"beekeeping","Professional and Business Services"
"beer","Shopping and Retail"
"bell","Other"
"bell_tower","Tourism and Attractions"
"ben","Other"
"bench","Other"
"betting","Entertainment and Recreation"
"beverages","Shopping and Retail"
"bicycle","Shopping and Retail"
"bicycle_library","Tourism and Attractions"
"bicycle_parking","Parking"
"bicycle_rental","Professional and Business Services"
"bicycle_repair","Professional and Business Services"
"bicycle_repair_station","Professional and Business Services"
"bicycle_trailer_sharing","Professional and Business Services"
"bicycle_wash","Professional and Business Services"
"biergarten","Restaurants, Fast Food and Cafes"
"bike_repair","Professional and Business Services"
"billboard","Other"
"bindery","Professional and Business Services"
"bingo","Entertainment and Recreation"
"binoculars","Shopping and Retail"
"biometric_identification_forwarding","Professional and Business Services"
"bird_bath","Professional and Business Services"
"bird_feeder","Professional and Business Services"
"bird_hide","Professional and Business Services"
"birding","Professional and Business Services"
"bistro","Restaurants, Fast Food and Cafes"
"blackboard","Other"
"bleachers","Other"
"blinds","Shopping and Retail"
"board_games","Entertainment and Recreation"
"boat","Shopping and Retail"
"boat_parts","Shopping and Retail"
"boat_rental","Professional and Business Services"
"boat_repair","Professional and Business Services"
"boat_sales","Shopping and Retail"
"boat_sharing","Professional and Business Services"
"boat_storage","Professional and Business Services"
"body shop","Shopping and Retail"
"body_piercing","Personal Care and Beauty"
"bookmaker","Industrial and Manufacturing"
"books","Shopping and Retail"
"border_control","Government and Public Services"
"both san felpw","Other"
"boundary=national_park","Entertainment and Recreation"
"boutique","Shopping and Retail"
"bowling","Entertainment and Recreation"
"bowling_alley","Entertainment and Recreation"
"bowling_supply_shop","Shopping and Retail"
"boxes","Other"
"brewery","Restaurants, Fast Food and Cafes"
"brewing_supplies","Shopping and Retail"
"bridal","Shopping and Retail"
"build","Other"
"building","Professional and Business Services"
"building_materials","Industrial and Manufacturing"
"bulk","Other"
"bulk_food","Restaurants, Fast Food and Cafes"
"bulk_foods","Restaurants, Fast Food and Cafes"
"bureau_de_change","Other"
"bus_repair","Automative Services"
"bus_station","Transportation and Transit"
"bus_stop","Transportation and Transit"
"bus_wash","Automative Services"
"business_machines","Professional and Business Services"
"business_services","Professional and Business Services"
"butcher","Shopping and Retail"
"cabinet","Shopping and Retail"
"cabinet_maker","Industrial and Manufacturing"
"cabinets","Shopping and Retail"
"cable","Shopping and Retail"
"cafe","Restaurants, Fast Food and Cafes"
"cake","Shopping and Retail"
"call_centre","Professional and Business Services"
"camera","Professional and Business Services"
"camera_rentals","Professional and Business Services"
"camera_repair","Professional and Business Services"
"camp","Entertainment and Recreation"
"camp_pitch","Entertainment and Recreation"
"camp_site","Entertainment and Recreation"
"campaign_office","Government and Public Services"
"candle","Shopping and Retail"
"candles","Shopping and Retail"
"cannabis","Shopping and Retail"
"cannibis","Shopping and Retail"
"cannon","Other"
"canoe_hire","Professional and Business Services"
"canoe_launch","Professional and Business Services"
"canteen","Restaurants, Fast Food and Cafes"
"canvas","Other"
"car","Automative Services"
"car_accessories","Automative Services"
"car_audio","Automative Services"
"car_bodyshop","Automative Services"
"car_detail","Automative Services"
"car_electronics","Automative Services"
"car_parts","Automative Services"
"car_pooling","Automative Services"
"car_rental","Automative Services"
"car_repair","Automative Services"
"car_service","Automative Services"
"car_sharing","Automative Services"
"car_stereo_store","Automative Services"
"car_wash","Automative Services"
"caravan","Automative Services"
"caravan_rental","Automative Services"
"caravan_site","Entertainment and Recreation"
"cards","Other"
"cargo","Automative Services"
"carpet","Shopping and Retail"
"carpet_cleaning","Professional and Business Services"
"cart_corral","Shopping and Retail"
"cart_return","Shopping and Retail"
"carts","Other"
"cash","Financial Services"
"casino","Entertainment and Recreation"
"casual carpoool pickup","Professional and Business Services"
"cat_boarding","Professional and Business Services"
"cater","Restaurants, Fast Food and Cafes"
"caterer","Restaurants, Fast Food and Cafes"
"catering","Restaurants, Fast Food and Cafes"
"caviar","Restaurants, Fast Food and Cafes"
"cell_phones","Shopping and Retail"
"cellphone_and_tablet_repair_service","Professional and Business Services"
"cellular","Other"
"ceramics","Professional and Business Services"
"certification_agency,_novelty_shop","Professional and Business Services"
"chain and cable","Shopping and Retail"
"chair","Shopping and Retail"
"chalet","Accommodation"
"chandler","Shopping and Retail"
"change_machine","Other"
"charging_station","Gas Stations"
"charity","Government and Public Services"
"charity_donation","Government and Public Services"
"charter_fishing","Entertainment and Recreation"
"check_cashing","Financial Services"
"check_in","Other"
"cheese","Shopping and Retail"
"chemist","Pharmacy"
"cheque_cashing","Financial Services"
"child_amusement_center","Entertainment and Recreation"
"child_services","Education and Learning"
"childcare","Education and Learning"
"children","Other"
"chinese","Other"
"chiropodist","Healthcare and Medical"
"chiropractic","Healthcare and Medical"
"chiropractor","Healthcare and Medical"
"chocolate","Shopping and Retail"
"christmas","Shopping and Retail"
"christmas_trees","Shopping and Retail"
"cigar","Shopping and Retail"
"cigarette","Shopping and Retail"
"cigarette_disposal","Waste and Recycling"
"cigarettes","Shopping and Retail"
"cigars","Shopping and Retail"
"cinema","Entertainment and Recreation"
"circus","Education and Learning"
"circus_school","Education and Learning"
"classes","Education and Learning"
"classroom","Education and Learning"
"cleaner","Professional and Business Services"
"cleaners","Professional and Business Services"
"cleaning","Professional and Business Services"
"cleaning_supplies","Shopping and Retail"
"cleaning_supply","Shopping and Retail"
"clear","Other"
"climbing_gym","Entertainment and Recreation"
"clinic","Healthcare and Medical"
"cloakroom","Professional and Business Services"
"clock","Shopping and Retail"
"clock_repair","Professional and Business Services"
"clocks","Shopping and Retail"
"closed","Other"
"clothes","Shopping and Retail"
"clothing","Shopping and Retail"
"clothing_alteration_shop","Professional and Business Services"
"clothing_and_gifts","Shopping and Retail"
"clothing_donation","Government and Public Services"
"clothing_store_and_fashion_house","Shopping and Retail"
"club","Entertainment and Recreation"
"clubhouse","Entertainment and Recreation"
"coal_chute","Other"
"coast_guard","Other"
"cobbler","Professional and Business Services"
"cocktail","Shopping and Retail"
"coding_school","Education and Learning"
"coffee","Restaurants, Fast Food and Cafes"
"coffee_roasting","Restaurants, Fast Food and Cafes"
"coffee_stand","Restaurants, Fast Food and Cafes"
"coin","Other"
"coins","Other"
"collector","Other"
"college","Education and Learning"
"colthes","Shopping and Retail"
"comedy","Entertainment and Recreation"
"comic_book,_board_games","Shopping and Retail"
"comic_books","Shopping and Retail"
"comics","Shopping and Retail"
"commercial_kitchen","Professional and Business Services"
"common","Other"
"community_centre","Government and Public Services"
"compassion_care","Healthcare and Medical"
"compost","Waste and Recycling"
"compressed_air","Other"
"computer","Shopping and Retail"
"computer coding for children","Education and Learning"
"computer, outdoor","Shopping and Retail"
"computer_lab","Education and Learning"
"computer_repair","Professional and Business Services"
"concert_hall","Events and Venues"
"concession_stand","Other"
"concrete","Other"
"condiments","Shopping and Retail"
"condo","Residential"
"condominium","Residential"
"condos","Residential"
"confectionery","Shopping and Retail"
"conference_center","Events and Venues"
"conference_centre","Events and Venues"
"consignment","Other"
"consignment store for equestrians","Shopping and Retail"
"construction","Industrial and Manufacturing"
"construction_equipment","Industrial and Manufacturing"
"consulting","Professional and Business Services"
"contractor","Professional and Business Services"
"control_box","Other"
"convenience","Shopping and Retail"
"convenience store","Shopping and Retail"
"convenience_store","Shopping and Retail"
"convention centre","Events and Venues"
"convention_centre","Events and Venues"
"cookies","Shopping and Retail"
"cooking_school","Education and Learning"
"cooking_supplies","Shopping and Retail"
"copies","Other"
"copyshop","Professional and Business Services"
"cosmetic_surgery","Personal Care and Beauty"
"cosmetics","Personal Care and Beauty"
"cosmetology_school","Education and Learning"
"costume","Shopping and Retail"
"costume_rental","Professional and Business Services"
"countertop","Shopping and Retail"
"countertop_installation","Professional and Business Services"
"countertops","Shopping and Retail"
"country_store","Shopping and Retail"
"courier","Professional and Business Services"
"courier_company","Professional and Business Services"
"courthouse","Government and Public Services"
"coworking_space","Professional and Business Services"
"cpa","Professional and Business Services"
"craft","Shopping and Retail"
"credit_union","Financial Services"
"crematorium","Religious and Spiritual"
"cryotherapy","Healthcare and Medical"
"crystals","Shopping and Retail"
"curio","Other"
"curtain","Shopping and Retail"
"custom_screen_printing_and_embroidery","Professional and Business Services"
"customs_brokers","Professional and Business Services"
"dairy","Shopping and Retail"
"dance","Education and Learning"
"dancing_school","Education and Learning"
"daycare","Education and Learning"
"decor,_event_planning","Professional and Business Services"
"decorating","Professional and Business Services"
"def","Other"
"deli","Restaurants, Fast Food and Cafes"
"delicatessen","Restaurants, Fast Food and Cafes"
"delivery_locker","Professional and Business Services"
"dental_supplies","Shopping and Retail"
"dentist","Healthcare and Medical"
"denture","Healthcare and Medical"
"dentures","Healthcare and Medical"
"denturist","Healthcare and Medical"
"department_store","Shopping and Retail"
"departure_board","Other"
"design","Other"
"design_school","Education and Learning"
"destination_display","Other"
"device_charging_station","Other"
"diesel shop","Shopping and Retail"
"diet","Other"
"dining hall","Restaurants, Fast Food and Cafes"
"directory","Other"
"disc_golf_course","Entertainment and Recreation"
"discount","Other"
"discount_appliances","Shopping and Retail"
"dish","Other"
"dispensary","Industrial and Manufacturing"
"distributor","Industrial and Manufacturing"
"disused","Other"
"disused:cosmetics","Other"
"disused:information","Other"
"disused:parking_space","Other"
"disused:pub","Other"
"disused:restaurant","Other"
"dive_centre","Entertainment and Recreation"
"divespot","Entertainment and Recreation"
"diving_school","Education and Learning"
"diy_art","Entertainment and Recreation"
"dmv","Government and Public Services"
"doctors","Healthcare and Medical"
"dog","Other"
"dog_food","Shopping and Retail"
"dog_grooming","Professional and Business Services"
"dog_park","Entertainment and Recreation"
"dog_parking","Entertainment and Recreation"
"dog_toilet","Other"
"dog_training","Professional and Business Services"
"doityourself","Other"
"dojo","Other"
"dollar","Other"
"dollar store","Shopping and Retail"
"dollhouse","Shopping and Retail"
"donation","Government and Public Services"
"donation_center","Government and Public Services"
"donations_box","Government and Public Services"
"donations_dropoff","Government and Public Services"
"donut","Restaurants, Fast Food and Cafes"
"donuts","Restaurants, Fast Food and Cafes"
"doorbell","Shopping and Retail"
"doors","Shopping and Retail"
"dormitory","Accommodation"
"dorms","Accommodation"
"doughnut","Shopping and Retail"
"drafting","Professional and Business Services"
"draoery and blinds","Shopping and Retail"
"dressing_room","Shopping and Retail"
"drinking_water","Other"
"drinks","Shopping and Retail"
"driver_examinations","Education and Learning"
"driver_training","Education and Learning"
"driving_school","Education and Learning"
"drop_box","Other"
"drug_store","Shopping and Retail"
"dry_cleaner","Professional and Business Services"
"dry_cleaning","Professional and Business Services"
"dry_food","Restaurants, Fast Food and Cafes"
"dumpster","Waste and Recycling"
"e-bike","Shopping and Retail"
"e-cigarette","Shopping and Retail"
"e_cigarette","Shopping and Retail"
"ear_piercing","Personal Care and Beauty"
"earpiercing","Personal Care and Beauty"
"economic_development_agency","Government and Public Services"
"edgde of path","Transportation and Transit"
"edible_seeds","Shopping and Retail"
"education","Education and Learning"
"education_centre","Education and Learning"
"educational_supply","Education and Learning"
"eglinton_cross","Transportation and Transit"
"eglinton_west","Transportation and Transit"
"electric","Shopping and Retail"
"electrical","Shopping and Retail"
"electrical_equipment","Shopping and Retail"
"electrical_supply","Shopping and Retail"
"electrician","Professional and Business Services"
"electronic_sign","Other"
"electronics","Shopping and Retail"
"electronics, Mobile Phone, Satellite tv, Computer","Shopping and Retail"
"electronics_repair","Professional and Business Services"
"elevator","Other"
"embroidery","Professional and Business Services"
"embroidery/monogramming","Professional and Business Services"
"emergency_room","Emergency and Safety"
"emissions_testing","Professional and Business Services"
"employment","Professional and Business Services"
"employment_agency","Professional and Business Services"
"employment_services","Professional and Business Services"
"ems_station","Post"
"energy","Other"
"english_school","Education and Learning"
"engraving","Professional and Business Services"
"entertainment","Entertainment and Recreation"
"enthodontics","Healthcare and Medical"
"entrance","Other"
"equestrian","Shopping and Retail"
"equipment_repair","Professional and Business Services"
"equipment_supplier","Shopping and Retail"
"erotic","Other"
"escape","Entertainment and Recreation"
"escape_game","Entertainment and Recreation"
"escooter_rental","Professional and Business Services"
"esoteric","Other"
"estate_agent","Professional and Business Services"
"estate_services","Professional and Business Services"
"event","Events and Venues"
"event_space","Events and Venues"
"events_centre","Events and Venues"
"events_hall","Events and Venues"
"events_venue","Events and Venues"
"exercise_equipment","Shopping and Retail"
"exhibit","Events and Venues"
"exhibition_centre","Events and Venues"
"exhibition_supplies","Shopping and Retail"
"exterior_remodeler","Professional and Business Services"
"eyeglass_repair","Professional and Business Services"
"eyeglasses","Shopping and Retail"
"eyelashes","Personal Care and Beauty"
"eyewear","Shopping and Retail"
"fabric","Shopping and Retail"
"fabric_cleaning","Professional and Business Services"
"facials","Personal Care and Beauty"
"fair_trade","Professional and Business Services"
"fairtrade","Professional and Business Services"
"family_centre","Government and Public Services"
"family_planning","Government and Public Services"
"farm","Residential"
"farmers_market","Shopping and Retail"
"fashion","Shopping and Retail"
"fashion_accessories","Shopping and Retail"
"fast_food","Restaurants, Fast Food and Cafes"
"fence","Other"
"ferris_wheel","Other"
"ferry_terminal","Transportation and Transit"
"ferry_waiting_room","Transportation and Transit"
"finance","Financial Services"
"financial","Financial Services"
"financial_advice","Financial Services"
"financial_advisor","Financial Services"
"financial_group","Financial Services"
"financial_services","Financial Services"
"fire_extinguisher","Emergency and Safety"
"fire_protection","Emergency and Safety"
"fire_safety","Emergency and Safety"
"fire_station","Emergency and Safety"
"firearms","Emergency and Safety"
"firepit","Shopping and Retail"
"fireplace","Shopping and Retail"
"firewood","Shopping and Retail"
"fireworks","Shopping and Retail"
"first_aid","Emergency and Safety"
"first_aid_school","Education and Learning"
"fish_cleaning","Professional and Business Services"
"fishing","Entertainment and Recreation"
"fishmonger","Shopping and Retail"
"fitness","Entertainment and Recreation"
"fitness_centre","Entertainment and Recreation"
"fitness_equipment","Entertainment and Recreation"
"fitness_station","Entertainment and Recreation"
"fixme","Other"
"flag","Other"
"flag_dropoff","Other"
"flame","Other"
"flea_market","Shopping and Retail"
"flight_school","Education and Learning"
"floor_covering","Professional and Business Services"
"flooring","Professional and Business Services"
"florist","Shopping and Retail"
"flower","Shopping and Retail"
"flowers","Shopping and Retail"
"foam","Other"
"fob_pickup","Other"
"food","Restaurants, Fast Food and Cafes"
"food_bank","Restaurants, Fast Food and Cafes"
"food_court","Restaurants, Fast Food and Cafes"
"food_sharing","Restaurants, Fast Food and Cafes"
"foot_shower","Personal Care and Beauty"
"foreign_language","Other"
"forklift","Professional and Business Services"
"fortune_teller","Professional and Business Services"
"fountain","Other"
"frame","Other"
"framing","Professional and Business Services"
"fraternity","Other"
"freeshop","Shopping and Retail"
"fridge","Shopping and Retail"
"frozen_food","Shopping and Retail"
"frozen_meal","Shopping and Retail"
"fuel","Gas Stations"
"function_hall","Events and Venues"
"funeral_directors","Professional and Business Services"
"funeral_hall","Events and Venues"
"funeral_home","Events and Venues"
"furniture","Shopping and Retail"
"furniture_rental","Professional and Business Services"
"furniture_repair","Professional and Business Services"
"furs","Other"
"gallery","Tourism and Attractions"
"gambling","Entertainment and Recreation"
"games","Entertainment and Recreation"
"gaming","Entertainment and Recreation"
"garage_door","Other"
"garden","Entertainment and Recreation"
"garden_center","Shopping and Retail"
"garden_centre","Shopping and Retail"
"garden_furniture","Shopping and Retail"
"garden_machinery","Industrial and Manufacturing"
"gas","Gas Stations"
"gas_pump","Gas Stations"
"gas_substation","Gas Stations"
"gelato","Restaurants, Fast Food and Cafes"
"gems","Other"
"gemstones","Other"
"general","Other"
"generic","Other"
"ghost_kitchen","Other"
"gift","Shopping and Retail"
"gift_and_book_store","Shopping and Retail"
"gift_card","Shopping and Retail"
"ginseng","Other"
"give_box","Other"
"glass","Other"
"glazier","Industrial and Manufacturing"
"glaziery","Industrial and Manufacturing"
"gold_buyer","Financial Services"
"gold_dealer","Financial Services"
"gold_exchange","Financial Services"
"gold_trade","Financial Services"
"golf","Entertainment and Recreation"
"golf_cart","Entertainment and Recreation"
"golf_course","Entertainment and Recreation"
"goods","Other"
"government","Government and Public Services"
"graphic_design","Professional and Business Services"
"gratitude_tree","Other"
"grave_yard","Religious and Spiritual"
"green_bag_pickup","Other"
"green_roof","Other"
"greengrocer","Shopping and Retail"
"greenhouse","Shopping and Retail"
"grill","Other"
"grit_bin","Other"
"grocery","Shopping and Retail"
"groundskeeping","Professional and Business Services"
"growshop","Shopping and Retail"
"guest_house","Accommodation"
"guide_dog_school","Professional and Business Services"
"gun","Other"
"guns","Other"
"gymnasium","Entertainment and Recreation"
"haberdashery","Shopping and Retail"
"hackerspace","Other"
"hair","Personal Care and Beauty"
"hair_loss","Personal Care and Beauty"
"hair_salon","Personal Care and Beauty"
"hairdresser","Personal Care and Beauty"
"hairdresser_supply","Personal Care and Beauty"
"hall","Events and Venues"
"hallowen_store","Shopping and Retail"
"hammock_hangout","Other"
"handbag","Shopping and Retail"
"handbags","Shopping and Retail"
"handicap_ramp","Other"
"hardware","Shopping and Retail"
"hardware_store","Shopping and Retail"
"hardwood","Shopping and Retail"
"hats","Shopping and Retail"
"haunted_house","Other"
"head","Other"
"headshop","Shopping and Retail"
"health","Healthcare and Medical"
"health_club","Healthcare and Medical"
"health_food","Healthcare and Medical"
"health_post","Healthcare and Medical"
"health_wellness","Healthcare and Medical"
"healthcare","Healthcare and Medical"
"hearing_aids","Healthcare and Medical"
"heater","Shopping and Retail"
"heating","Shopping and Retail"
"heating_equipment","Shopping and Retail"
"heating_oil","Shopping and Retail"
"helmet_store","Shopping and Retail"
"herb","Other"
"herbalist","Healthcare and Medical"
"hifi","Other"
"historic","Tourism and Attractions"
"historic building","Tourism and Attractions"
"historical_marker","Tourism and Attractions"
"hitchhiker_station","Transportation and Transit"
"hitching_post","Other"
"hobby","Other"
"holistic_medicine","Healthcare and Medical"
"home","Residential"
"home_brew","Other"
"home_decor","Shopping and Retail"
"home_design","Professional and Business Services"
"home_goods","Shopping and Retail"
"home_goods,_women_&_children_clothing,_gifts,_candles,_bath_&_body,_local_artists,_lamps,_rugs,_furniture","Shopping and Retail"
"home_goods_store","Shopping and Retail"
"home_health_care","Healthcare and Medical"
"home_healthcare","Healthcare and Medical"
"home_inspection","Professional and Business Services"
"homebrewing","Other"
"hometextile","Other"
"honey","Shopping and Retail"
"hookah","Restaurants, Fast Food and Cafes"
"hookah_bar","Restaurants, Fast Food and Cafes"
"hookah_lounge","Restaurants, Fast Food and Cafes"
"hooklah_lounge","Restaurants, Fast Food and Cafes"
"horse_parking","Entertainment and Recreation"
"horse_riding","Entertainment and Recreation"
"hosiery","Shopping and Retail"
"hospital","Healthcare and Medical"
"hostel","Accommodation"
"hot_sauce","Shopping and Retail"
"hot_tub","Shopping and Retail"
"hot_tubs","Shopping and Retail"
"hotel","Accommodation"
"hottub","Shopping and Retail"
"house","Residential"
"household","Residential"
"household_linen","Shopping and Retail"
"houseplant","Shopping and Retail"
"houses","Residential"
"houseware","Shopping and Retail"
"housing co-op","Professional and Business Services"
"humane society","Other"
"hunting","Entertainment and Recreation"
"hunting_stand","Entertainment and Recreation"
"hvac","Professional and Business Services"
"hydroponics","Professional and Business Services"
"ice","Other"
"ice_cream","Restaurants, Fast Food and Cafes"
"ice_rink","Other"
"ice_self_vending","Shopping and Retail"
"ignition_interlock","Other"
"immigration_consultant","Professional and Business Services"
"import","Other"
"imports","Other"
"indian_grocer","Shopping and Retail"
"indoor_play","Entertainment and Recreation"
"industrial_equipment","Industrial and Manufacturing"
"industrial_machinery","Industrial and Manufacturing"
"industrial_supplies","Industrial and Manufacturing"
"information","Other"
"inn","Accommodation"
"insurance","Financial Services"
"interior_decoration","Shopping and Retail"
"interior_design","Professional and Business Services"
"interiors","Professional and Business Services"
"internet_cafe","Restaurants, Fast Food and Cafes"
"internet_provider","Professional and Business Services"
"internet_service","Professional and Business Services"
"internet_service_provider","Professional and Business Services"
"investment_service","Financial Services"
"investments","Financial Services"
"janitor","Professional and Business Services"
"janitorial","Professional and Business Services"
"janitorial_service","Professional and Business Services"
"janitorial_supply","Shopping and Retail"
"jerky","Other"
"jet","Transportation and Transit"
"jewelry","Shopping and Retail"
"jewelry_repair","Professional and Business Services"
"jobcentre","Professional and Business Services"
"juice","Restaurants, Fast Food and Cafes"
"juice_bar","Restaurants, Fast Food and Cafes"
"junk_yard","Waste and Recycling"
"kampeerplaats","Other"
"karaoke","Entertainment and Recreation"
"karaoke_box","Entertainment and Recreation"
"kava_bar","Restaurants, Fast Food and Cafes"
"key_drop","Other"
"kichen","Other"
"kick-scooter_parking","Parking"
"kick-scooter_rental","Professional and Business Services"
"kiddie_ride","Other"
"kids","Other"
"kids_rideons","Professional and Business Services"
"kimchi","Other"
"kindergarten","Education and Learning"
"kiosk","Other"
"kiss_and_ride","Other"
"kitchen","Other"
"kitchen_accessories","Shopping and Retail"
"kitchen_furnishing","Shopping and Retail"
"kitchenware","Shopping and Retail"
"kite","Shopping and Retail"
"kite_rental","Professional and Business Services"
"kites","Shopping and Retail"
"knitting","Professional and Business Services"
"knives","Other"
"kollel","Other"
"laboratory","Professional and Business Services"
"laboratory_equipment","Shopping and Retail"
"land_development","Professional and Business Services"
"landing_steps","Other"
"landmark","Tourism and Attractions"
"landscaping","Professional and Business Services"
"language_school","Education and Learning"
"laundromat","Professional and Business Services"
"laundry","Professional and Business Services"
"laundry,dry_cleaning","Professional and Business Services"
"lavoir","Other"
"lawyer","Professional and Business Services"
"lead_inspector","Professional and Business Services"
"leaning_bench","Other"
"leather","Other"
"leatherworking","Professional and Business Services"
"left_luggage","Other"
"legion","Other"
"leisure","Entertainment and Recreation"
"lessons","Education and Learning"
"letter_box","Other"
"letter_box (x4)","Other"
"level_crossing_signal_box","Other"
"library","Government and Public Services"
"library_dropoff","Government and Public Services"
"life_jacket_rental","Professional and Business Services"
"lifejacket_rental","Professional and Business Services"
"lift","Other"
"light","Shopping and Retail"
"lighting","Shopping and Retail"
"lightpole","Shopping and Retail"
"limousine","Professional and Business Services"
"line alng sf","Other"
"linen","Shopping and Retail"
"lingerie","Shopping and Retail"
"liquidation","Other"
"liquor_store","Shopping and Retail"
"livestock","Other"
"loading_dock","Transportation and Transit"
"loan","Financial Services"
"loans","Financial Services"
"locker","Other"
"locksmith","Professional and Business Services"
"lodging","Other"
"lost_property_office","Government and Public Services"
"lottery","Entertainment and Recreation"
"lotto","Entertainment and Recreation"
"lounge","Accommodation"
"lounger","Other"
"love_hotel","Accommodation"
"lubricants","Automative Services"
"luggage","Other"
"luggage_dropoff","Professional and Business Services"
"luggage_locker","Professional and Business Services"
"luggage_pickup","Professional and Business Services"
"luggage_repair","Professional and Business Services"
"luggage_storage","Professional and Business Services"
"luggage_weigh_scale","Professional and Business Services"
"lumber","Industrial and Manufacturing"
"magazine_box","Other"
"magic","Other"
"magic_mushroom","Other"
"magic_mushrooms","Other"
"magician","Entertainment and Recreation"
"mail_box","Post"
"mailbox","Post"
"mailing_center","Post"
"mailing_company","Post"
"mailroom","Post"
"makerspace","Professional and Business Services"
"mall","Shopping and Retail"
"manhole","Other"
"manicure","Personal Care and Beauty"
"manicurist","Personal Care and Beauty"
"manufactured_homes","Industrial and Manufacturing"
"manufacturer","Industrial and Manufacturing"
"maps","Other"
"marina","Tourism and Attractions"
"marine","Tourism and Attractions"
"marine_supply","Shopping and Retail"
"marital_aids","Other"
"maritime_school","Education and Learning"
"market","Shopping and Retail"
"marketplace","Shopping and Retail"
"martial_arts","Entertainment and Recreation"
"mascot_rental","Professional and Business Services"
"massage","Personal Care and Beauty"
"maternity","Healthcare and Medical"
"matress","Shopping and Retail"
"maze","Other"
"meats","Shopping and Retail"
"mechanic","Automative Services"
"mechanical","Automative Services"
"medical","Healthcare and Medical"
"medical_devices","Healthcare and Medical"
"medical_imaging","Healthcare and Medical"
"medical_supply","Healthcare and Medical"
"medical_tests","Healthcare and Medical"
"medispa","Personal Care and Beauty"
"meditation_centre","Personal Care and Beauty"
"men's","Shopping and Retail"
"mercantile","Shopping and Retail"
"message_board","Other"
"metal","Other"
"metaphysical","Religious and Spiritual"
"metaphysical_supplies","Shopping and Retail"
"metaphysical_supply","Shopping and Retail"
"metaphysical_supply_store","Shopping and Retail"
"microwave","Shopping and Retail"
"mile_post","Post"
"military_surplus","Government and Public Services"
"minerals","Other"
"miniature_golf","Entertainment and Recreation"
"mist_spraying_cooler","Other"
"mobile_home","Accommodation"
"mobile_homes","Accommodation"
"mobile_library","Education and Learning"
"mobile_phon","Other"
"mobile_phone","Shopping and Retail"
"mobile_phone_accessories","Shopping and Retail"
"mobile_phone_repair","Professional and Business Services"
"mobility","Other"
"mobility_equpment","Shopping and Retail"
"mobility_scooter","Shopping and Retail"
"model","Professional and Business Services"
"modeling_agency","Professional and Business Services"
"monastery","Religious and Spiritual"
"money_lender","Financial Services"
"money_lenders","Financial Services"
"money_transfer","Financial Services"
"monument","Tourism and Attractions"
"mortgage","Financial Services"
"mortgage_broker","Financial Services"
"mortuary","Other"
"motel","Accommodation"
"motorcycle","Automative Services"
"motorcycle_parking","Parking"
"motorcycle_parts","Automative Services"
"motorcycle_rental","Automative Services"
"motorcycle_repair","Automative Services"
"motorsports","Entertainment and Recreation"
"motorsports_shop","Shopping and Retail"
"moving","Other"
"moving_storage","Professional and Business Services"
"mower_repair","Professional and Business Services"
"mp","Other"
"murmur_listening_post","Other"
"museum","Tourism and Attractions"
"museum-former","Other"
"mushroom","Other"
"music","Other"
"music_lessons","Education and Learning"
"music_school","Education and Learning"
"music_services","Professional and Business Services"
"music_venue","Events and Venues"
"musical_instrument","Shopping and Retail"
"nail","Personal Care and Beauty"
"nail_salon","Personal Care and Beauty"
"nails","Personal Care and Beauty"
"nature_centre","Tourism and Attractions"
"nature_reserve","Tourism and Attractions"
"nautical","Other"
"new_age","Other"
"news_rack","Other"
"newsagent","Professional and Business Services"
"newsbox","Other"
"newspaper","Other"
"nightclub","Entertainment and Recreation"
"no","Other"
"notary_public","Government and Public Services"
"novelty","Other"
"numismatics","Professional and Business Services"
"nursing_home","Healthcare and Medical"
"nursing_room","Healthcare and Medical"
"nursing_school","Education and Learning"
"nutrition_supplements","Shopping and Retail"
"nuts","Shopping and Retail"
"occult_goods","Shopping and Retail"
"office","Professional and Business Services"
"office_equipment","Shopping and Retail"
"office_sharing","Shopping and Retail"
"office_supplies","Shopping and Retail"
"officiant","Professional and Business Services"
"oil_change","Automative Services"
"old_parking","Parking"
"old_restaurant","Restaurants, Fast Food and Cafes"
"olive_oil","Shopping and Retail"
"one_zone_wifi","Other"
"ontario line station","Transportation and Transit"
"optician","Healthcare and Medical"
"optitian","Healthcare and Medical"
"optometrist","Healthcare and Medical"
"optometry","Healthcare and Medical"
"organic","Other"
"orthodonists","Healthcare and Medical"
"orthodontics","Healthcare and Medical"
"orthodontist","Healthcare and Medical"
"orthopedic","Healthcare and Medical"
"orthopedics","Healthcare and Medical"
"orthotic","Healthcare and Medical"
"orthotics","Healthcare and Medical"
"other","Other"
"outdoor","Other"
"outdoor_appliance","Shopping and Retail"
"outdoor_furniture","Shopping and Retail"
"outdoor_power_equipment","Shopping and Retail"
"outdoor_seating","Shopping and Retail"
"outpost","Other"
"pachinko","Other"
"package_room","Professional and Business Services"
"packaging","Professional and Business Services"
"paddling_pool","Entertainment and Recreation"
"paint","Shopping and Retail"
"paint_and_sip","Entertainment and Recreation"
"painting","Professional and Business Services"
"palmist","Professional and Business Services"
"palyground","Entertainment and Recreation"
"paper","Other"
"parcel_locker","Professional and Business Services"
"park","Entertainment and Recreation"
"parking","Parking"
"parking_booth","Parking"
"parking_entrance","Parking"
"parking_exit","Parking"
"parking_space","Parking"
"parts","Other"
"party","Entertainment and Recreation"
"party_rental","Professional and Business Services"
"party_supply","Shopping and Retail"
"passenger_pickup_drop_off","Transportation and Transit"
"pasta","Shopping and Retail"
"pastry","Shopping and Retail"
"patio","Other"
"pawn_shop","Shopping and Retail"
"pawnbroker","Shopping and Retail"
"payment_centre","Financial Services"
"payment_terminal","Financial Services"
"payphone","Financial Services"
"peace_pole","Other"
"pedicure_supply","Shopping and Retail"
"pens","Shopping and Retail"
"perfumery","Shopping and Retail"
"personal trainer","Entertainment and Recreation"
"pest_control","Professional and Business Services"
"pet","Other"
"pet_care","Professional and Business Services"
"pet_food","Shopping and Retail"
"pet_grooming","Professional and Business Services"
"pet_services","Professional and Business Services"
"pet_supplies","Shopping and Retail"
"pet_supply","Shopping and Retail"
"pet_wash","Professional and Business Services"
"pharmacy","Healthcare and Medical"
"phone","Shopping and Retail"
"phone_cards","Professional and Business Services"
"phone_repair","Professional and Business Services"
"photo","Professional and Business Services"
"photo_booth","Professional and Business Services"
"photo_studio","Professional and Business Services"
"photography","Professional and Business Services"
"photography_club","Professional and Business Services"
"physical_therapist","Healthcare and Medical"
"pi","Shopping and Retail"
"piano","Shopping and Retail"
"picnic area","Entertainment and Recreation"
"picnic_area","Entertainment and Recreation"
"picnic_site","Entertainment and Recreation"
"picnic_table","Entertainment and Recreation"
"picture","Other"
"picture_frame","Professional and Business Services"
"picture_framing","Professional and Business Services"
"piercing","Personal Care and Beauty"
"pitch","Other"
"place_of_worship","Religious and Spiritual"
"plane_parts","Other"
"planetarium","Tourism and Attractions"
"plant","Shopping and Retail"
"plant_hire","Professional and Business Services"
"plant_shop","Shopping and Retail"
"plant_store","Shopping and Retail"
"plants","Shopping and Retail"
"plaque","Other"
"platform","Transportation and Transit"
"playground","Entertainment and Recreation"
"plumbers","Professional and Business Services"
"plumbing","Professional and Business Services"
"plumbing_heating","Professional and Business Services"
"plumbing_supply_store","Shopping and Retail"
"po_box","Post"
"pole","Other"
"police","Government and Public Services"
"police_supply","Government and Public Services"
"polling_station","Government and Public Services"
"pond_supply","Shopping and Retail"
"pool","Entertainment and Recreation"
"pool_hall","Entertainment and Recreation"
"pool_supplies","Shopping and Retail"
"pools","Entertainment and Recreation"
"pools/landscaping","Professional and Business Services"
"popcorn","Shopping and Retail"
"popup","Other"
"portrait","Professional and Business Services"
"portraits","Professional and Business Services"
"post_box","Post"
"post_depot","Post"
"post_office","Post"
"post_storage_box","Post"
"postal","Post"
"postal_relay_box","Post"
"poster_board","Other"
"pottery","Professional and Business Services"
"pottery_painting","Professional and Business Services"
"power_tools","Shopping and Retail"
"practice_bicycle_carrier","Professional and Business Services"
"prep_school","Education and Learning"
"prepared_food","Restaurants, Fast Food and Cafes"
"preserves","Other"
"print","Other"
"print_shop","Shopping and Retail"
"printer","Shopping and Retail"
"printer_ink","Shopping and Retail"
"printing","Professional and Business Services"
"printing_company","Professional and Business Services"
"printshop","Shopping and Retail"
"prison","Government and Public Services"
"private_club","Entertainment and Recreation"
"private_door","Residential"
"probation_service","Government and Public Services"
"produce","Other"
"product_pickup","Professional and Business Services"
"professional services","Professional and Business Services"
"propane","Other"
"propeller_fix","Professional and Business Services"
"proposed","Other"
"proposed_condo","Other"
"psychic","Professional and Business Services"
"psychologist","Healthcare and Medical"
"pub","Restaurants, Fast Food and Cafes"
"public","Government and Public Services"
"public_bath","Government and Public Services"
"public_bookcase","Government and Public Services"
"public_building","Events and Venues"
"public_hall","Events and Venues"
"public_transport","Transportation and Transit"
"public_transport_tickets","Transportation and Transit"
"publisher of Science, the scientific journal","Professional and Business Services"
"pump","Other"
"pumps","Other"
"puzzle","Other"
"puzzle_library","Government and Public Services"
"pyrotechnics","Shopping and Retail"
"quilt","Shopping and Retail"
"quilting","Shopping and Retail"
"radiotechnics","Professional and Business Services"
"rage_room","Entertainment and Recreation"
"ramp","Transportation and Transit"
"ranger_station","Professional and Business Services"
"rapid_remit","Financial Services"
"razors","Other"
"real estate","Professional and Business Services"
"realtor","Other"
"receiving_dock","Transportation and Transit"
"reception_center","Professional and Business Services"
"reception_desk","Professional and Business Services"
"recording_studio","Professional and Business Services"
"records","Other"
"recreation_center","Entertainment and Recreation"
"recreation_ground","Entertainment and Recreation"
"recreational_vehicle","Entertainment and Recreation"
"rectory","Residential"
"recycling","Waste and Recycling"
"refillery","Shopping and Retail"
"reflexology","Healthcare and Medical"
"refuge","Government and Public Services"
"register_office","Government and Public Services"
"registrars_office","Government and Public Services"
"registry_office","Government and Public Services"
"rehearsal_studio","Professional and Business Services"
"relay_box","Post"
"relay_post_box","Post"
"religion","Religious and Spiritual"
"remodel","Professional and Business Services"
"remodeling","Professional and Business Services"
"rental","Professional and Business Services"
"rental_equipment","Professional and Business Services"
"rental_office","Professional and Business Services"
"rentals","Professional and Business Services"
"repair","Professional and Business Services"
"res","Other"
"rescue_station","Government and Public Services"
"research_institute","Education and Learning"
"resort","Accommodation"
"restaurant","Restaurants, Fast Food and Cafes"
"restaurant_supplies","Shopping and Retail"
"restaurants","Restaurants, Fast Food and Cafes"
"retail","Shopping and Retail"
"retail_store","Shopping and Retail"
"retirement_home","Accommodation"
"rice","Other"
"robot","Other"
"rock","Other"
"rocks","Other"
"roofing","Professional and Business Services"
"rug","Shopping and Retail"
"rug_cleaning","Professional and Business Services"
"rugs","Shopping and Retail"
"running","Entertainment and Recreation"
"rv","Other"
"rv_pitch","Automative Services"
"rv_rental","Automative Services"
"rv_supply","Automative Services"
"safe","Emergency and Safety"
"safety","Emergency and Safety"
"safety_equipment","Emergency and Safety"
"sailing_club","Entertainment and Recreation"
"sailing_school","Education and Learning"
"salon","Personal Care and Beauty"
"sand","Other"
"sanitary","Shopping and Retail"
"sanitary_dump_station","Waste and Recycling"
"sauce","Shopping and Retail"
"sauna","Personal Care and Beauty"
"school","Education and Learning"
"school_supplies","Shopping and Retail"
"scooter","Other"
"scooter_parking","Parking"
"scooter_rental","Professional and Business Services"
"scooter_share","Professional and Business Services"
"scoreboard","Other"
"scrapbook","Shopping and Retail"
"scrapbooking","Shopping and Retail"
"screen_printing","Professional and Business Services"
"screenprinting","Professional and Business Services"
"scuba_diving","Entertainment and Recreation"
"seafood","Restaurants, Fast Food and Cafes"
"seamstress","Professional and Business Services"
"seaplane terminal","Transportation and Transit"
"seasonal","Other"
"second_hand","Shopping and Retail"
"second_hand,floral","Shopping and Retail"
"security","Emergency and Safety"
"security, access, video systems","Emergency and Safety"
"security_booth","Emergency and Safety"
"security_supplies","Shopping and Retail"
"seed","Other"
"self_brew_location","Entertainment and Recreation"
"seminary","Education and Learning"
"seniors_society","Entertainment and Recreation"
"service,_rent,_repair,_everything,_computer_box","Professional and Business Services"
"service_company,_generators","Professional and Business Services"
"services","Professional and Business Services"
"sewer","Other"
"sewing","Professional and Business Services"
"sewing_and_Alteration","Professional and Business Services"
"sewing_machines","Shopping and Retail"
"shampooer","Shopping and Retail"
"shed","Other"
"sheds","Other"
"shelter","Accommodation"
"ship_chandler","Automative Services"
"ship_rental","Automative Services"
"shipping","Post"
"shipping_and_receiving","Post"
"shipping_center_mailbox_rental","Post"
"shipping_service","Post"
"shoe","Shopping and Retail"
"shoe_cleaning","Professional and Business Services"
"shoe_repair","Professional and Business Services"
"shoe_shine","Professional and Business Services"
"shoes","Shopping and Retail"
"shoes,sports","Shopping and Retail"
"shoeshine","Professional and Business Services"
"shooting_ground","Entertainment and Recreation"
"shop","Shopping and Retail"
"shopping_centre","Shopping and Retail"
"shower","Other"
"shuttle","Transportation and Transit"
"sign","Other"
"sign_shop","Shopping and Retail"
"signal","Other"
"signs","Other"
"silverware","Shopping and Retail"
"skate","Shopping and Retail"
"skate_rental","Professional and Business Services"
"skateboard","Shopping and Retail"
"skateboard_parking","Parking"
"skateboard_shop","Shopping and Retail"
"skateboards","Shopping and Retail"
"ski","Shopping and Retail"
"ski_rental","Professional and Business Services"
"ski_school","Education and Learning"
"ski_shop","Shopping and Retail"
"skin_care","Shopping and Retail"
"skincare","Shopping and Retail"
"slipway","Other"
"small_boat_launch_device","Automative Services"
"small_engine","Automative Services"
"smartshop","Shopping and Retail"
"smog_check","Other"
"smoke","Other"
"smoke_shop","Shopping and Retail"
"smoke_supplies","Shopping and Retail"
"smoking_area","Other"
"smoking_station","Other"
"snack","Shopping and Retail"
"snack_cart","Shopping and Retail"
"snacks","Shopping and Retail"
"snow_cleaning","Professional and Business Services"
"so","Other"
"soap","Shopping and Retail"
"soccer_club","Entertainment and Recreation"
"social_centre","Entertainment and Recreation"
"social_club","Entertainment and Recreation"
"social_facility","Entertainment and Recreation"
"social_services","Entertainment and Recreation"
"socket","Other"
"soda","Shopping and Retail"
"solar","Other"
"sorority","Entertainment and Recreation"
"souvenir","Shopping and Retail"
"spa","Personal Care and Beauty"
"spa_resort","Personal Care and Beauty"
"spare_parts","Other"
"specialty food","Restaurants, Fast Food and Cafes"
"specialty_food","Restaurants, Fast Food and Cafes"
"specialty_foods","Restaurants, Fast Food and Cafes"
"specialty_grocer","Shopping and Retail"
"spices","Shopping and Retail"
"spices_and_teas","Shopping and Retail"
"spiritual","Religious and Spiritual"
"spiritual_healing","Religious and Spiritual"
"splash_pad","Other"
"sport","Entertainment and Recreation"
"sports","Entertainment and Recreation"
"sports_cards","Shopping and Retail"
"sports_centre","Entertainment and Recreation"
"sports_collectibles","Shopping and Retail"
"sports_hall","Entertainment and Recreation"
"spotting_scope","Other"
"sprinkler","Other"
"stadium","Events and Venues"
"staffing_agency","Professional and Business Services"
"stage","Events and Venues"
"stained_glass","Other"
"stair","Other"
"station","Other"
"stationary","Other"
"stationery","Shopping and Retail"
"steel_distributor","Industrial and Manufacturing"
"stock_ticker","Other"
"stone","Other"
"stop","Transportation and Transit"
"stop_area","Transportation and Transit"
"stop_position","Transportation and Transit"
"storage","Professional and Business Services"
"storage_rental","Professional and Business Services"
"store","Shopping and Retail"
"stoves","Other"
"street_lamp","Other"
"street_vendor","Professional and Business Services"
"strip_club","Entertainment and Recreation"
"stripclub","Entertainment and Recreation"
"stroller_parking","Parking"
"stroller_rental","Professional and Business Services"
"student lounge","Education and Learning"
"student_services","Education and Learning"
"student_union","Education and Learning"
"studio","Accommodation"
"study_room","Education and Learning"
"substation","Transportation and Transit"
"summer_camp","Entertainment and Recreation"
"sunglasses","Shopping and Retail"
"sunscreen","Shopping and Retail"
"supermarket","Shopping and Retail"
"supplements","Shopping and Retail"
"surf","Entertainment and Recreation"
"surfboards","Shopping and Retail"
"surplus","Other"
"surveillance","Emergency and Safety"
"surveying","Professional and Business Services"
"sushi","Restaurants, Fast Food and Cafes"
"sweet","Other"
"swimming_area","Entertainment and Recreation"
"swimming_pool","Entertainment and Recreation"
"swimming_school","Education and Learning"
"swingerclub","Entertainment and Recreation"
"swinging bench","Entertainment and Recreation"
"table","Other"
"tack_shop","Shopping and Retail"
"tailor","Professional and Business Services"
"takeout","Restaurants, Fast Food and Cafes"
"tanning","Personal Care and Beauty"
"tanning_salon","Personal Care and Beauty"
"taproom","Restaurants, Fast Food and Cafes"
"tarot","Religious and Spiritual"
"tatoo","Personal Care and Beauty"
"tattoo","Personal Care and Beauty"
"tattoo_removal","Personal Care and Beauty"
"tattoo_supplies","Shopping and Retail"
"tattoos","Personal Care and Beauty"
"tax","Financial Services"
"taxi","Automative Services"
"taxi_garage","Automative Services"
"taxidermist","Automative Services"
"tea","Restaurants, Fast Food and Cafes"
"tea_room","Restaurants, Fast Food and Cafes"
"teacher_supplies","Shopping and Retail"
"teeth_whitening","Personal Care and Beauty"
"telecommunication","Professional and Business Services"
"telephone","Shopping and Retail"
"telephone_control_box","Other"
"telescopes","Shopping and Retail"
"television","Shopping and Retail"
"tennis","Entertainment and Recreation"
"testcenter","Professional and Business Services"
"testing_center","Professional and Business Services"
"textile_printing","Professional and Business Services"
"theatre","Entertainment and Recreation"
"theatre (historic)","Entertainment and Recreation"
"theatre_school","Education and Learning"
"theatrical_supply","Shopping and Retail"
"theme_park","Entertainment and Recreation"
"thermometer","Shopping and Retail"
"thrift","Shopping and Retail"
"ticket","Other"
"ticket_validator","Other"
"tile","Shopping and Retail"
"tiles","Shopping and Retail"
"tire_inflator","Automative Services"
"tire_pump","Automative Services"
"tobacco","Shopping and Retail"
"tobogganing","Entertainment and Recreation"
"toilets","Government and Public Services"
"tombstones","Other"
"toner","Other"
"tool_hire","Professional and Business Services"
"tool_library","Education and Learning"
"tool_repair","Professional and Business Services"
"tools","Shopping and Retail"
"tortilla","Restaurants, Fast Food and Cafes"
"tour","Tourism and Attractions"
"tour_guide","Tourism and Attractions"
"tourism","Tourism and Attractions"
"tourist","Tourism and Attractions"
"tours","Tourism and Attractions"
"tow_truck","Automative Services"
"towing","Professional and Business Services"
"townhall","Government and Public Services"
"toy_library","Education and Learning"
"toys","Shopping and Retail"
"track","Entertainment and Recreation"
"tractor","Automative Services"
"trade","Financial Services"
"trade_school","Education and Learning"
"traditional_chinese_medicine","Healthcare and Medical"
"traffic_park","Entertainment and Recreation"
"traffic_tickets","Other"
"trailer","Automative Services"
"trailer_park","Entertainment and Recreation"
"training","Education and Learning"
"trampoline_equipment","Shopping and Retail"
"trampoline_park","Entertainment and Recreation"
"travel","Tourism and Attractions"
"travel_agency","Professional and Business Services"
"tree","Other"
"trolley_bay","Shopping and Retail"
"trophy","Other"
"truck","Automative Services"
"truck driving_school","Education and Learning"
"truck_accessories","Automative Services"
"truck_rental","Automative Services"
"truck_repair","Automative Services"
"turn_stile","Other"
"tutor","Education and Learning"
"tutoring","Education and Learning"
"tutoring_centre","Education and Learning"
"tutors","Education and Learning"
"tv_repair","Professional and Business Services"
"typewriter","Professional and Business Services"
"tyres","Automative Services"
"uniform","Shopping and Retail"
"uniforms","Shopping and Retail"
"university","Education and Learning"
"unknown","Other"
"upholstery","Shopping and Retail"
"ups","Other"
"urgent_care","Healthcare and Medical"
"vacant","Other"
"vacuum_cleaner","Shopping and Retail"
"valet_parking","Parking"
"van_rental","Automative Services"
"vape","Shopping and Retail"
"vaping","Shopping and Retail"
"variable_message_sign","Other"
"variety_store","Shopping and Retail"
"vault","Other"
"vehicle_inspection","Automative Services"
"vending_machine","Shopping and Retail"
"veterinary","Healthcare and Medical"
"veterinary_pharmacy","Healthcare and Medical"
"video","Shopping and Retail"
"video_game_console","Shopping and Retail"
"video_games","Shopping and Retail"
"view_scope","Other"
"viewpoint","Tourism and Attractions"
"vinegar","Shopping and Retail"
"vintage","Shopping and Retail"
"vintage_clothing","Shopping and Retail"
"virtual_golf","Entertainment and Recreation"
"wallcoverings","Shopping and Retail"
"wallpaper","Shopping and Retail"
"warehouse","Shopping and Retail"
"warning_sign","Other"
"was:restaurant","Other"
"washing_machine","Shopping and Retail"
"waste_basket","Waste and Recycling"
"waste_container","Waste and Recycling"
"waste_disposal","Waste and Recycling"
"waste_transfer_station","Waste and Recycling"
"watch","Shopping and Retail"
"watch_repair","Professional and Business Services"
"watch_repair,_clock_repair,_watches,_clocks,_gold,_silver,_buying,_tiffany_lock_repair","Professional and Business Services"
"watches","Shopping and Retail"
"watchmaker","Professional and Business Services"
"water","Other"
"water_dispenser","Other"
"water_filter","Other"
"water_park","Entertainment and Recreation"
"water_point","Other"
"water_sports","Entertainment and Recreation"
"water_system","Other"
"water_tap","Other"
"watering_place","Other"
"waxing","Personal Care and Beauty"
"wealth_management","Financial Services"
"weapons","Other"
"weaving","Other"
"web_design","Professional and Business Services"
"wedding","Events and Venues"
"wedding_chapel","Events and Venues"
"wedding_registry","Events and Venues"
"weigh_station","Transportation and Transit"
"weighbridge","Transportation and Transit"
"weight_loss","Personal Care and Beauty"
"weightloss","Personal Care and Beauty"
"welding","Industrial and Manufacturing"
"welding_supply","Industrial and Manufacturing"
"wellness","Other"
"wellness_center","Healthcare and Medical"
"wellness_centre","Healthcare and Medical"
"whale_watching","Entertainment and Recreation"
"wheelchair","Shopping and Retail"
"whirlpool","Other"
"whiteboard","Other"
"wholesale","Shopping and Retail"
"wigs","Shopping and Retail"
"wilderness_hut","Other"
"window","Shopping and Retail"
"window_blind","Shopping and Retail"
"window_construction","Industrial and Manufacturing"
"window_coverings","Shopping and Retail"
"window_tinting","Professional and Business Services"
"window_treatment","Professional and Business Services"
"window_treatments","Professional and Business Services"
"windows","Shopping and Retail"
"wine","Shopping and Retail"
"wine_making","Professional and Business Services"
"winebar","Restaurants, Fast Food and Cafes"
"winery","Restaurants, Fast Food and Cafes"
"wireless","Other"
"wooden_boat","Other"
"woodworking","Professional and Business Services"
"wool","Shopping and Retail"
"working_space","Professional and Business Services"
"workshop","Professional and Business Services"
"workwear","Shopping and Retail"
"yacht_club","Entertainment and Recreation"
"yarn","Other"
"yea","Other"
"yes","Other"
"yoga","Entertainment and Recreation"
"yogurt","Shopping and Retail"
"your_speed","Other"
"zoo","Entertainment and Recreation"
"?picerie_fine","Other"
